[{"@type":"mappingTemplate","id":"@1","name":"M_TCI_MONDATA_MONDAYMC","description":"","bundleVersion":"0","templateId":"@3","deployTime":1665753292000,"hasParameters":false,"valid":false,"fixedConnection":true,"hasParametersDeployed":false,"fixedConnectionDeployed":true,"tasks":0,"mappingPreviewFileRecordId":"@2","documentType":"MAPPING","references":[{"@type":"reference","refObjectId":"@9sy7CTgq24fir54AkkYyi5","refType":"connection"},{"@type":"reference","refObjectId":"@1exgOn0iebdcFeKd7HOQsE","refType":"connection"}]}]