[{"@type":"mappingTemplate","id":"@1","name":"M_SAT_TCI_ANCILLARY","description":"","bundleVersion":"0","templateId":"@3","deployTime":1665489703000,"hasParameters":false,"valid":true,"fixedConnection":true,"hasParametersDeployed":false,"fixedConnectionDeployed":true,"tasks":0,"mappingPreviewFileRecordId":"@2","documentType":"MAPPING","references":[{"@type":"reference","refObjectId":"@9sy7CTgq24fir54AkkYyi5","refType":"connection"},{"@type":"reference","refObjectId":"@1exgOn0iebdcFeKd7HOQsE","refType":"connection"}]}]